tnum	tval
7	5
11	8
14	13
16	18
17	23
18	28
19	33
20	38
21	43
22	48
23	53
24	58
25	63
26	68
27	73
28	78
29	83
30	88
32	93
35	98
40	100
45	98
48	95
49	93
50	90
51	87
52	83
53	79
54	73
55	68
56	62
57	56
58	51
59	46
61	40
63	35
66	29
68	26
73	20
78	15
83	13
88	14
93	16
97	18
100	20
107	24
113	28
119	32
123	35
127	38
132	42
136	45
139	47
142	49
148	52
156	55
161	56
166	57
172	58
179	59
187	60
200	60
